{
  "79.219.47.226": [
	51.0834196,
	10.4234469
  ],
  "91.45.168.37": [
	51.0834196,
	10.4234469
  ],
  "93.202.251.43": [
	51.0834196,
	10.4234469
  ],
  "80.152.240.115": [
	51.0834196,
	10.4234469
  ],
  "217.249.58.181": [
	51.0834196,
	10.4234469
  ],
  "87.173.87.138": [
	51.0834196,
	10.4234469
  ],
  "91.21.221.146": [
	51.0834196,
	10.4234469
  ],
  "202.52.0.25": [
	28.1083929,
	84.0917139
  ],
  "84.155.78.222": [
	51.0834196,
	10.4234469
  ],
  "84.139.224.125": [
	51.0834196,
	10.4234469
  ],
  "217.91.97.156": [
	51.0834196,
	10.4234469
  ],
  "79.226.82.253": [
	51.0834196,
	10.4234469
  ],
  "84.131.205.253": [
	51.0834196,
	10.4234469
  ],
  "79.231.173.223": [
	51.0834196,
	10.4234469
  ],
  "217.251.128.172": [
	51.0834196,
	10.4234469
  ],
  "46.93.105.211": [
	51.0834196,
	10.4234469
  ],
  "195.16.81.5": [
	51.0834196,
	10.4234469
  ],
  "217.91.195.98": [
	51.0834196,
	10.4234469
  ],
  "93.228.62.237": [
	51.0834196,
	10.4234469
  ],
  "80.151.47.102": [
	51.0834196,
	10.4234469
  ],
  "91.61.83.145": [
	51.0834196,
	10.4234469
  ],
  "80.151.162.181": [
	51.0834196,
	10.4234469
  ],
  "62.103.176.237": [
	38.9953683,
	21.9877132
  ],
  "87.151.47.150": [
	51.0834196,
	10.4234469
  ],
  "93.201.110.241": [
	51.0834196,
	10.4234469
  ],
  "217.252.141.6": [
	51.0834196,
	10.4234469
  ],
  "37.49.234.132": [
	46.603354,
	1.8883335
  ],
  "217.31.202.20": [
	49.8167003,
	15.4749544
  ],
  "93.240.120.143": [
	51.0834196,
	10.4234469
  ],
  "87.140.36.204": [
	51.0834196,
	10.4234469
  ],
  "84.134.74.250": [
	51.0834196,
	10.4234469
  ],
  "62.103.176.173": [
	38.9953683,
	21.9877132
  ],
  "79.197.117.41": [
	51.0834196,
	10.4234469
  ],
  "79.247.123.21": [
	51.0834196,
	10.4234469
  ],
  "91.4.19.171": [
	51.0834196,
	10.4234469
  ],
  "46.85.231.98": [
	51.0834196,
	10.4234469
  ],
  "87.128.106.122": [
	51.0834196,
	10.4234469
  ],
  "217.91.218.119": [
	51.0834196,
	10.4234469
  ],
  "46.92.215.11": [
	51.0834196,
	10.4234469
  ],
  "91.44.200.173": [
	51.0834196,
	10.4234469
  ],
  "84.150.154.244": [
	51.0834196,
	10.4234469
  ],
  "84.162.146.217": [
	51.0834196,
	10.4234469
  ],
  "79.212.69.210": [
	51.0834196,
	10.4234469
  ],
  "87.153.141.237": [
	51.0834196,
	10.4234469
  ],
  "93.215.22.169": [
	51.0834196,
	10.4234469
  ],
  "217.81.240.97": [
	51.0834196,
	10.4234469
  ],
  "84.130.198.28": [
	51.0834196,
	10.4234469
  ],
  "79.254.51.37": [
	51.0834196,
	10.4234469
  ],
  "91.36.233.24": [
	51.0834196,
	10.4234469
  ],
  "217.86.87.192": [
	51.0834196,
	10.4234469
  ],
  "46.22.180.61": [
	52.5001698,
	5.7480821
  ],
  "80.144.89.59": [
	51.0834196,
	10.4234469
  ],
  "93.234.151.32": [
	51.0834196,
	10.4234469
  ],
  "93.218.103.160": [
	51.0834196,
	10.4234469
  ],
  "87.160.242.101": [
	51.0834196,
	10.4234469
  ],
  "80.151.22.222": [
	51.0834196,
	10.4234469
  ],
  "87.171.179.159": [
	51.0834196,
	10.4234469
  ],
  "93.205.204.3": [
	51.0834196,
	10.4234469
  ],
  "87.153.132.10": [
	51.0834196,
	10.4234469
  ],
  "88.86.97.154": [
	49.8167003,
	15.4749544
  ],
  "206.162.189.131": [
	61.0666922,
	-107.9917071
  ],
  "87.165.28.12": [
	51.0834196,
	10.4234469
  ],
  "84.152.169.21": [
	51.0834196,
	10.4234469
  ],
  "193.159.132.232": [
	51.0834196,
	10.4234469
  ],
}